Failure_Type,Description,Symptoms,Typical_Indicators,Root_Cause,Severity,Priority,Estimated_Cost_USD,Cost_Percentage,Downtime_Hours,Recommendation_1,Recommendation_2,Recommendation_3,Prevention,FAQ
No Failure,The machine is operating normally with no predicted failure.,Machine runs normally without alarms. Stable sensor values.,Balanced temperatures normal torque acceptable speed low tool wear,No abnormal operating condition,Low,Low,0,0,0,Continue normal operation,Monitor sensor readings,Follow preventive maintenance schedule,Inspect the machine regularly and keep maintenance records,"Q: Is maintenance required? A: Continue scheduled preventive maintenance."
HDF,Heat Dissipation Failure occurs when the cooling system cannot remove enough heat from the machine.,Machine becomes hotter than expected. Temperature warnings may appear.,High air temperature high process temperature abnormal thermal conditions,Cooling system inefficiency blocked airflow dirty cooling fan or overheating,High,High,1500,20,4,Clean the cooling system,Inspect cooling fan and airflow,Check temperature sensors and replace faulty cooling parts,Keep cooling passages clean and monitor temperatures,"Q: Why does HDF happen? A: The machine cannot dissipate heat effectively."
PWF,Power Failure occurs when the required mechanical power exceeds the capability of the machine.,Motor struggles under load. Machine may stop unexpectedly.,High torque combined with low rotational speed,Mechanical overload electrical power limitation overloaded motor,Critical,Critical,2500,30,8,Inspect electric motor,Reduce mechanical load,Inspect gearbox and transmission,Avoid operating above rated power limits,"Q: How can I prevent PWF? A: Avoid excessive torque and overload."
OSF,Overstrain Failure occurs when excessive mechanical stress is applied to worn components.,High stress vibration increased cutting resistance.,High torque together with significant tool wear,Mechanical overload caused by worn tooling or excessive force,Critical,High,1800,22,6,Replace worn tool,Inspect spindle bearings and shafts,Reduce machine load before restarting,Replace tools before excessive wear develops,"Q: What causes OSF? A: Excessive torque together with worn tools."
TWF,Tool Wear Failure occurs when the cutting tool has reached the end of its useful life.,Poor machining quality rough surface increased vibration.,Very high tool wear reduced machining quality,Normal wear after long operation or insufficient maintenance,Medium,Medium,700,10,2,Replace the cutting tool,Inspect tool holder alignment,Verify machining quality after replacement,Track tool wear and replace tools before the wear limit,"Q: How do I avoid TWF? A: Replace tools before they exceed their wear limit."
RNF,Random Failure represents an unexpected failure that cannot be directly explained by monitored sensor values.,Unexpected machine shutdown unpredictable behaviour.,No consistent sensor pattern may be present,Unexpected component failure manufacturing defect electrical issue,High,Medium,1200,15,3,Perform complete machine inspection,Replace damaged component,Run diagnostic tests before returning to service,Schedule regular inspections to reduce unexpected failures,"Q: Can RNF be predicted? A: It is difficult because it has no consistent pattern."
Machine Type L,Machine Type L is a lightweight machine designed for lower loads.,Lower production load lower power demand.,Usually lower torque and lighter workload,Lighter mechanical design,Low,Low,0,0,0,Operate within rated limits,Perform normal maintenance,Monitor wear over time,Do not overload the machine,"Q: Is L the safest machine? A: It is generally used for lighter workloads."
Machine Type M,Machine Type M is a medium-duty machine balancing performance and durability.,Moderate operating conditions.,Medium torque and balanced performance,General purpose industrial machine,Medium,Medium,0,0,0,Follow standard maintenance schedule,Inspect components regularly,Monitor temperatures and torque,Prevent excessive operating loads,"Q: When is M used? A: For medium production requirements."
Machine Type H,Machine Type H is a heavy-duty machine capable of handling high workloads.,High production capability with increased mechanical stress.,Higher torque and higher operating loads,Heavy-duty industrial design,High,High,0,0,0,Inspect bearings frequently,Monitor cooling system closely,Perform preventive maintenance regularly,Avoid continuous overload conditions,"Q: Why does H require more maintenance? A: Heavy workloads increase component stress."
Cooling System,Cooling system maintains safe operating temperatures.,Overheating indicates cooling problems.,Increasing machine temperature blocked airflow,Fan failure blocked filters coolant issues,High,High,900,12,3,Clean filters,Inspect cooling fan,Check airflow,Perform routine cooling system inspection,"Q: What happens if cooling fails? A: Heat Dissipation Failure becomes more likely."
Motor Inspection,Motor inspection ensures the drive system is operating correctly.,Noise overheating vibration.,Reduced speed excessive current draw,Worn bearings damaged windings overload,High,High,1100,14,4,Inspect motor windings,Measure motor temperature,Check electrical connections,Perform scheduled electrical inspections,"Q: How often should the motor be inspected? A: During every preventive maintenance cycle."
Preventive Maintenance,Preventive maintenance reduces unexpected failures and extends equipment life.,Stable machine performance.,Routine inspection cleaning lubrication,Regular maintenance prevents component degradation,Low,Low,300,5,1,Inspect the machine,Clean components,Lubricate moving parts,Follow the maintenance schedule,"Q: Why is preventive maintenance important? A: It reduces downtime and repair costs."